index,plate from,well from,native_from,plate to,well to,native to,volume,chaser,map,mixture1 (from),solvent (from),standard (from),volume (from),mixture1 (to),solvent (to),standard (to),volume (to),"Y, ppm","Li, ppm"
1,plate1,A3,A3,ICP1,A7,F7,25,2475,23,0.004973886784980547,0.00024875621890552146,0.9947773569961139,100500.0,4.97512437810943e-05,0.99,0.009950248756218905,2500.0,0.09950248756218906,0.00995024875621886
2,plate1,B3,B3,ICP1,A8,F8,25,2475,26,0.004973886784980547,0.00024875621890552146,0.9947773569961139,100500.0,4.97512437810943e-05,0.99,0.009950248756218905,2500.0,0.09950248756218906,0.00995024875621886
3,plate1,C3,C3,ICP1,A9,F9,25,2475,29,0.004973886784980547,0.00024875621890552146,0.9947773569961139,100500.0,4.97512437810943e-05,0.99,0.009950248756218905,2500.0,0.09950248756218906,0.00995024875621886
4,plate1,A4,A4,ICP1,A10,F10,25,2475,32,0.004973886784980547,0.00024875621890552146,0.9947773569961139,100500.0,4.97512437810943e-05,0.99,0.009950248756218905,2500.0,0.09950248756218906,0.00995024875621886
5,plate1,B4,B4,ICP1,A11,F11,25,2475,35,0.004973886784980547,0.00024875621890552146,0.9947773569961139,100500.0,4.97512437810943e-05,0.99,0.009950248756218905,2500.0,0.09950248756218906,0.00995024875621886
6,plate1,C4,C4,ICP1,A12,F12,25,2475,38,0.004973886784980547,0.00024875621890552146,0.9947773569961139,100500.0,4.97512437810943e-05,0.99,0.009950248756218905,2500.0,0.09950248756218906,0.00995024875621886
